{"name":"9bf4905e-ac51-467e-83b6-03a60d45ca5e","id":"/providers/Microsoft.Flow/flows/9bf4905e-ac51-467e-83b6-03a60d45ca5e","type":"Microsoft.Flow/flows","properties":{"apiId":"/providers/Microsoft.PowerApps/apis/shared_logicflows","displayName":"RefreshAcctClerkList V3","definition":{"metadata":{"workflowEntityId":null,"processAdvisorMetadata":null,"flowChargedByPaygo":null,"flowclientsuspensionreason":"None","flowclientsuspensiontime":null,"flowclientsuspensionreasondetails":null,"creator":{"id":"a5d7af63-b7c3-4b3e-b44a-930e0af96261","type":"User","tenantId":"31472f81-8fe4-49ec-8bc3-fa1c295640d7"},"provisioningMethod":"FromDefinition","failureAlertSubscription":true,"clientLastModifiedTime":"2025-05-29T07:10:51.762715Z","connectionKeySavedTimeKey":"2025-05-29T07:10:51.762715Z","creationSource":null,"modifiedSources":"Portal"},"$schema":"https://schema.management.azure.com/providers/Microsoft.Logic/schemas/2016-06-01/workflowdefinition.json#","contentVersion":"1.0.0.0","parameters":{"$authentication":{"defaultValue":{},"type":"SecureObject"},"$connections":{"defaultValue":{},"type":"Object"}},"triggers":{"manual":{"metadata":{"operationMetadataId":"b6dc2d0d-4906-4fb9-b497-1dfba941294c"},"type":"Request","kind":"PowerAppV2","inputs":{"schema":{"type":"object","properties":{},"required":[]}}}},"actions":{"Run_a_query_against_a_dataset":{"runAfter":{},"metadata":{"operationMetadataId":"2cabf516-4a82-4fcc-8a96-783dfaa9fe93"},"type":"OpenApiConnection","inputs":{"parameters":{"groupid":"f5738cf8-7dc0-4ec2-ab16-8b2ee44f5a1a","datasetid":"d442b35b-74b2-4d3e-adb1-16f663130d11","specification/query":"EVALUATE\nSELECTCOLUMNS(\n    TOPN(\n        100000000,\n        AR_DATA,\n        [Accounting Clerk], ASC\n    ),\n    \"Accounting Clerk\", [Accounting Clerk]\n)\n\n\n","specification/serializerSettings/includeNulls":false},"host":{"apiId":"/providers/Microsoft.PowerApps/apis/shared_powerbi","connectionName":"shared_powerbi","operationId":"ExecuteDatasetQuery"},"authentication":"@parameters('$authentication')"}},"Distinct_Accounting_Clerk":{"runAfter":{"Select":["Succeeded"]},"metadata":{"operationMetadataId":"d952e985-0b12-49fc-9cda-a5642cd3267e"},"type":"Compose","inputs":"@union(body('Select'),body('Select'))\r\n"},"Respond_to_a_Power_App_or_flow":{"runAfter":{"Initialize_variable":["Succeeded"]},"metadata":{"operationMetadataId":"0d255818-5264-44ec-a2ed-644424b796ff"},"type":"Response","kind":"PowerApp","inputs":{"schema":{"type":"object","properties":{"accounting_clerk_name":{"title":"Accounting_Clerk_Name","x-ms-dynamically-added":true,"type":"string"}},"additionalProperties":{}},"statusCode":200,"body":{"accounting_clerk_name":"@{variables('vrAcctClerkName')}"}}},"Initialize_variable":{"runAfter":{"Distinct_Accounting_Clerk":["Succeeded"]},"metadata":{"operationMetadataId":"88563bba-54ac-4ae2-bcdb-4bf58c03fabd"},"type":"InitializeVariable","inputs":{"variables":[{"name":"vrAcctClerkName","type":"string","value":"@{concat('[',join(outputs('Distinct_Accounting_Clerk'), ', '),']')}\n"}]}},"Select":{"runAfter":{"Run_a_query_against_a_dataset":["Succeeded"]},"metadata":{"operationMetadataId":"fba3b0c7-a070-4646-88a4-7246d65659b3"},"type":"Select","inputs":{"from":"@outputs('Run_a_query_against_a_dataset')?['body/firstTableRows']","select":{"Accounting_Clerk_Name":"@item()['[Accounting Clerk]']"}}}},"outputs":{},"description":"Automate flow to read distinct Company names from PBI AR by Business Segment"},"connectionReferences":{"shared_powerbi":{"connectionName":"shared-powerbi-aa440f65-eb5b-4a34-a43b-90f02d89e00a","source":"Embedded","id":"/providers/Microsoft.PowerApps/apis/shared_powerbi","tier":"NotSpecified","apiName":"powerbi","isProcessSimpleApiReferenceConversionAlreadyDone":false}},"flowFailureAlertSubscribed":false,"isManaged":false}}