{"name":"9f760c60-4c26-4b80-b9dc-94f9c5ea15a0","id":"/providers/Microsoft.Flow/flows/9f760c60-4c26-4b80-b9dc-94f9c5ea15a0","type":"Microsoft.Flow/flows","properties":{"apiId":"/providers/Microsoft.PowerApps/apis/shared_logicflows","displayName":"GetCustName V3 - Company Code","definition":{"metadata":{"workflowEntityId":null,"processAdvisorMetadata":null,"flowChargedByPaygo":null,"flowclientsuspensionreason":"None","flowclientsuspensiontime":null,"flowclientsuspensionreasondetails":null,"creator":{"id":"a5d7af63-b7c3-4b3e-b44a-930e0af96261","type":"User","tenantId":"31472f81-8fe4-49ec-8bc3-fa1c295640d7"},"provisioningMethod":"FromDefinition","failureAlertSubscription":true,"clientLastModifiedTime":"2025-07-28T10:14:48.5521987Z","connectionKeySavedTimeKey":"2025-07-28T10:14:48.5521987Z","creationSource":null,"modifiedSources":"Portal;PowerappsPpux"},"$schema":"https://schema.management.azure.com/providers/Microsoft.Logic/schemas/2016-06-01/workflowdefinition.json#","contentVersion":"1.0.0.0","parameters":{"$authentication":{"defaultValue":{},"type":"SecureObject"},"$connections":{"defaultValue":{},"type":"Object"}},"triggers":{"manual":{"metadata":{"operationMetadataId":"ff08acf9-34ac-47fe-8222-f6bd22f76a7d"},"type":"Request","kind":"PowerAppV2","inputs":{"schema":{"type":"object","properties":{"text":{"title":"CompName","type":"string","x-ms-dynamically-added":true,"description":"Please enter your input","x-ms-content-hint":"TEXT"},"text_1":{"description":"Please enter your input","title":"AcctClerk","type":"string","x-ms-content-hint":"TEXT","x-ms-dynamically-added":true}},"required":["text","text_1"]}}}},"actions":{"Run_a_query_against_a_dataset":{"runAfter":{"Compose_the_String_with_Acct_Clerk_single":["Succeeded"]},"metadata":{"operationMetadataId":"642cdc0f-08ab-44cb-b391-d7bad71838f8"},"type":"OpenApiConnection","inputs":{"parameters":{"groupid":"myworkspace","datasetid":"0414a924-ead3-4150-bb5b-a59764e0d947","specification/query":"DEFINE\nVAR FilterTable1 = \n    TREATAS({\"@{triggerBody()?['text']}\"}, 'Data'[LOCATION_NAME])\n\nVAR FilterTable2 = \n    TREATAS({\"@{outputs('Compose_the_String_with_Acct_Clerk_single')}\"}, 'Data'[ORGANIZER])\n\nVAR CoreTable = \n    SUMMARIZECOLUMNS(\n        'Data'[ATTENDEE ID],\n        'Data'[LOCATION_NAME],\n        'Data'[ATTENDEE NAME],\n        'Data'[ORGANIZER],\n        'Data'[ATTENDEE EMAIL],\n        'Data'[LOCATION_ID],\n        FilterTable1,\n        FilterTable2\n    )\n\nVAR BodyLimited = \n    TOPN(\n        1000,  -- Adjusted to a more reasonable limit\n        CoreTable,\n        'Data'[ATTENDEE ID], 1,\n        'Data'[ATTENDEE NAME], 1,\n        'Data'[LOCATION_NAME], 1,\n        'Data'[ORGANIZER], 1,\n        'Data'[ATTENDEE EMAIL], 1,\n        'Data'[LOCATION_ID], 1\n    )\n\nEVALUATE\n    BodyLimited","specification/serializerSettings/includeNulls":true},"host":{"apiId":"/providers/Microsoft.PowerApps/apis/shared_powerbi","connectionName":"shared_powerbi","operationId":"ExecuteDatasetQuery"},"authentication":{"value":"@json(decodeBase64(triggerOutputs().headers['X-MS-APIM-Tokens']))['$ConnectionKey']","type":"Raw"}},"description":"Run a query against a dataset in Power BI to include customer email"},"Select":{"runAfter":{"Run_a_query_against_a_dataset":["Succeeded"]},"metadata":{"operationMetadataId":"3690d974-7f10-4ab7-a7df-d31434be4cbf"},"type":"Select","inputs":{"from":"@outputs('Run_a_query_against_a_dataset')?['body/firstTableRows']","select":{"CUST_NAME":"@item()['Data[ATTENDEE NAME]']","CUST_ID":"@item()['Data[ATTENDEE ID]']","CUST_EMAIL_ADD":"@coalesce(item()?['Data[ATTENDEE EMAIL]'],'')","ACCOUNTING_CLERK":"@item()['Data[ORGANIZER]']","COMPANY_NAME":"@item()['Data[LOCATION_NAME]']"}},"description":"Select customer details including email from the query results"},"Compose":{"runAfter":{"Select":["Succeeded"]},"metadata":{"operationMetadataId":"88bb4605-8703-4f09-999d-ceca8140e8ed"},"type":"Compose","inputs":"@union(body('Select'),body('Select'))\r\n"},"Respond_to_a_Power_App_or_flow":{"runAfter":{"Compose_1":["Succeeded"]},"metadata":{"operationMetadataId":"6c1a9136-4b86-4685-ae0e-2ba8ef6ecd62"},"type":"Response","kind":"PowerApp","inputs":{"schema":{"type":"object","properties":{"customer_list":{"title":"CUSTOMER_LIST","x-ms-dynamically-added":true,"type":"string"}},"additionalProperties":{}},"statusCode":200,"body":{"customer_list":"@{outputs('Compose_1')}"}}},"Initialize_variable":{"runAfter":{"Compose":["Succeeded"]},"metadata":{"operationMetadataId":"71697f36-d056-4fc6-866c-1ad2f3d01921"},"type":"InitializeVariable","inputs":{"variables":[{"name":"Cust List","type":"array","value":"@outputs('Compose')"}]}},"Compose_1":{"runAfter":{"Sort_by_Cust_Name":["Succeeded"]},"metadata":{"operationMetadataId":"2d15ec43-8712-4451-aa40-1295dbb630d3"},"type":"Compose","inputs":"@outputs('Sort_by_Cust_Name')"},"Sort_by_Cust_Name":{"runAfter":{"Initialize_variable":["Succeeded"]},"metadata":{"operationMetadataId":"f7dcd997-0112-43ee-8f5a-822de0a0501e"},"type":"Compose","inputs":"@sort(variables('Cust List'),'CUST_NAME')"},"Parse_JSON_Accounting_Clerks":{"runAfter":{},"metadata":{"operationMetadataId":"d52ff649-f55e-45e0-a6b9-dbbe01b69ddb"},"type":"ParseJson","inputs":{"content":"@triggerBody()?['text_1']","schema":{"type":"array","items":{"type":"object","properties":{"Accounting_Clerk":{"type":"string"}},"required":["Accounting_Clerk"]}}}},"Initialize_variable_1":{"runAfter":{"Parse_JSON_Accounting_Clerks":["Succeeded"]},"metadata":{"operationMetadataId":"2f646063-6669-481b-a09f-ea2c802a4000"},"type":"InitializeVariable","inputs":{"variables":[{"name":"Acct_Clerk","type":"array"}]}},"For_each":{"foreach":"@outputs('Parse_JSON_Accounting_Clerks')['body']","actions":{"Append_to_array_variable":{"metadata":{"operationMetadataId":"efdff7c1-01dc-4d96-9f21-6c9a6458df13"},"type":"AppendToArrayVariable","inputs":{"name":"Acct_Clerk","value":"@item()['Accounting_Clerk']"}}},"runAfter":{"Initialize_variable_1":["Succeeded"]},"metadata":{"operationMetadataId":"48aea1cb-e10c-4fa5-b34c-7586e8de8557"},"type":"Foreach"},"Compose_the_String_with_Accounting_Clerk":{"runAfter":{"For_each":["Succeeded"]},"metadata":{"operationMetadataId":"e498d1b5-9aec-4a50-b9c9-fda324a4ea1c"},"type":"Compose","inputs":"@union(variables('Acct_Clerk'),variables('Acct_Clerk'))"},"Compose_the_String_with_Acct_Clerk_single":{"runAfter":{"Compose_the_String_with_Accounting_Clerk":["Succeeded"]},"metadata":{"operationMetadataId":"325f233c-ebfe-44bd-a52d-4d21596ce729"},"type":"Compose","inputs":"@join(outputs('Compose_the_String_with_Accounting_Clerk'),'\", \"')"}},"description":"This flow uses the chosen company name and accounting clerks to query the \"AR by Business Segment\" dataset, retrieving a list of customer names, IDs, and emails based on the selection."},"connectionReferences":{"shared_powerbi":{"connectionName":"shared-powerbi-aa440f65-eb5b-4a34-a43b-90f02d89e00a","source":"Invoker","id":"/providers/Microsoft.PowerApps/apis/shared_powerbi","tier":"NotSpecified","apiName":"powerbi","isProcessSimpleApiReferenceConversionAlreadyDone":false}},"flowFailureAlertSubscribed":false,"isManaged":false}}