{"schemaVersion":"1.0","appDefinitionTemplate":{"id":"/providers/Microsoft.PowerApps/apps/","type":"Microsoft.PowerApps/apps","tags":{"primaryDeviceWidth":"1366","primaryDeviceHeight":"768","supportsPortrait":"true","supportsLandscape":"true","primaryFormFactor":"Tablet","showStatusBar":"false","publisherVersion":"3.25071.7","minimumRequiredApiVersion":"2.2.0","hasComponent":"false","hasUnlockedComponent":"false","isUnifiedRootApp":"false","sienaVersion":"20250728T100831Z-3.25071.7.0"},"properties":{"appVersion":"2025-07-28T10:08:31Z","lifeCycleId":"Published","createdByClientVersion":{"major":3,"minor":25071,"build":7,"revision":0,"majorRevision":0,"minorRevision":0},"minClientVersion":{"major":3,"minor":25071,"build":7,"revision":0,"majorRevision":0,"minorRevision":0},"backgroundColor":"RGBA(0,176,240,1)","backgroundImageUri":"/10625023446923852340/Nf076e81f-18ab-4630-a243-41cb4045864c-logoSmallFile","displayName":"SOA - Send email by Company Code, Acct Clerk and Customer - v3","description":"","commitMessage":"","appUris":{"documentUri":{"value":"/10625023446923852340/N5ee7a257-7354-46bc-8da3-db54b644bc33-document.msapp"},"imageUris":[],"additionalUris":[{"isSolutionAware":false,"value":"/10625023446923852340/N9ed21f6c-fe0c-4b7a-81ad-8f8d3090f959-identity.json"}]},"createdTime":"0001-01-01T00:00:00Z","lastModifiedTime":"0001-01-01T00:00:00Z","sharedGroupsCount":0,"sharedUsersCount":0,"connectionReferences":{"450a84b0-d20a-4aef-a1ab-b3a2aeb9364d":{"id":"c33f7e8e-ada8-42cf-b570-64dea38de419","displayName":"Logic flows","iconUri":"https://conn-afd-prod-endpoint-bmc9bqahasf3grgk.b01.azurefd.net/v1.0.1752/1.0.1752.4225/logicflows/icon.png","dataSources":["ShowSOADetailsV1"],"dependencies":["801286e5-085c-4d50-b7af-efb698b790a8"],"dependents":[],"parameterHints":{"workflowName":{"value":"28b4b31d-aa64-4f30-8899-d071f3b558d0"},"workflowEntityId":{},"workflowDisplayName":{"value":"Show SOA Details V1"},"f19386d9-6dc1-4f86-b6d4-3e2bd4783915":{"value":"shared_powerbi"},"801286e5-085c-4d50-b7af-efb698b790a8":{"value":"shared_powerbi"}},"parameterHintsV2":{"workflowName":{"value":"28b4b31d-aa64-4f30-8899-d071f3b558d0"},"workflowEntityId":{},"workflowDisplayName":{"value":"Show SOA Details V1"},"shared_powerbi":{"value":"801286e5-085c-4d50-b7af-efb698b790a8"}},"isOnPremiseConnection":false,"bypassConsent":false,"dataSets":{},"apiTier":"Standard","isCustomApiConnection":false,"actions":["Run"],"nestedActions":[{"id":"/providers/Microsoft.PowerApps/apis/shared_powerbi/apiOperations/ExecuteDatasetQuery","flowConnectionRef":"shared_powerbi","apiName":"Power BI","actionName":"ExecuteDatasetQuery","referencedResources":[]}]},"801286e5-085c-4d50-b7af-efb698b790a8":{"id":"2617231f-3dc9-42bb-9eec-58315c05b54d","displayName":"Power BI","iconUri":"https://conn-afd-prod-endpoint-bmc9bqahasf3grgk.b01.azurefd.net/v1.0.1756/1.0.1756.4248/powerbi/icon.png","dataSources":[],"dependencies":[],"dependents":["450a84b0-d20a-4aef-a1ab-b3a2aeb9364d","6b09916b-c59a-4daf-aee1-4dafd74b4c9d","5a0e5fec-81ac-46f1-8f40-5703657fd999","7986de1e-c4d2-4a45-b221-b01dd2225edc","a0918cf7-834f-4198-8784-9f84e604e4cd","f2e2dfe4-2a11-4146-ba99-a9f6903ba6bc","931b5074-e496-43ae-a4ab-cae45c6d3634"],"parameterHints":{},"parameterHintsV2":{},"isOnPremiseConnection":false,"bypassConsent":false,"dataSets":{},"apiTier":"Standard","isCustomApiConnection":false},"6b09916b-c59a-4daf-aee1-4dafd74b4c9d":{"id":"c33f7e8e-ada8-42cf-b570-64dea38de419","displayName":"Logic flows","iconUri":"https://conn-afd-prod-endpoint-bmc9bqahasf3grgk.b01.azurefd.net/v1.0.1752/1.0.1752.4225/logicflows/icon.png","dataSources":["GetAcctClerkNameV3"],"dependencies":["801286e5-085c-4d50-b7af-efb698b790a8"],"dependents":[],"parameterHints":{"workflowName":{"value":"5780c2a0-ca8d-4abf-b601-365c2fdda922"},"workflowEntityId":{},"workflowDisplayName":{"value":"GetAcctClerkName V3"},"801286e5-085c-4d50-b7af-efb698b790a8":{"value":"shared_powerbi"}},"parameterHintsV2":{"workflowName":{"value":"5780c2a0-ca8d-4abf-b601-365c2fdda922"},"workflowEntityId":{},"workflowDisplayName":{"value":"GetAcctClerkName V3"},"shared_powerbi":{"value":"801286e5-085c-4d50-b7af-efb698b790a8"}},"isOnPremiseConnection":false,"bypassConsent":false,"dataSets":{},"apiTier":"Standard","isCustomApiConnection":false,"actions":["Run"],"nestedActions":[{"id":"/providers/Microsoft.PowerApps/apis/shared_powerbi/apiOperations/ExecuteDatasetQuery","flowConnectionRef":"shared_powerbi","apiName":"Power BI","actionName":"ExecuteDatasetQuery","referencedResources":[]}]},"d775764d-45de-4cee-9478-b04f0d053afe":{"id":"c33f7e8e-ada8-42cf-b570-64dea38de419","displayName":"Logic flows","iconUri":"https://conn-afd-prod-endpoint-bmc9bqahasf3grgk.b01.azurefd.net/v1.0.1752/1.0.1752.4225/logicflows/icon.png","dataSources":["RefreshCompanyNameListV3"],"dependencies":[],"dependents":[],"parameterHints":{"workflowName":{"value":"6cbdce3a-a2f7-4784-8e05-73b2416f3c53"},"workflowEntityId":{},"workflowDisplayName":{"value":"RefreshCompanyNameList V3"}},"parameterHintsV2":{"workflowName":{"value":"6cbdce3a-a2f7-4784-8e05-73b2416f3c53"},"workflowEntityId":{},"workflowDisplayName":{"value":"RefreshCompanyNameList V3"}},"isOnPremiseConnection":false,"bypassConsent":false,"dataSets":{},"apiTier":"Standard","isCustomApiConnection":false,"actions":["Run"],"nestedActions":[{"id":"/providers/Microsoft.PowerApps/apis/shared_powerbi/apiOperations/ExecuteDatasetQuery","flowConnectionRef":"shared_powerbi","apiName":"Power BI","actionName":"ExecuteDatasetQuery","referencedResources":[]}]},"5a0e5fec-81ac-46f1-8f40-5703657fd999":{"id":"c33f7e8e-ada8-42cf-b570-64dea38de419","displayName":"Logic flows","iconUri":"https://conn-afd-prod-endpoint-bmc9bqahasf3grgk.b01.azurefd.net/v1.0.1752/1.0.1752.4225/logicflows/icon.png","dataSources":["GetCompNameV3"],"dependencies":["801286e5-085c-4d50-b7af-efb698b790a8"],"dependents":[],"parameterHints":{"workflowName":{"value":"39749fd7-32c7-4cc1-87d1-0984587b5226"},"workflowEntityId":{},"workflowDisplayName":{"value":"GetCompName V3"},"801286e5-085c-4d50-b7af-efb698b790a8":{"value":"shared_powerbi"}},"parameterHintsV2":{"workflowName":{"value":"39749fd7-32c7-4cc1-87d1-0984587b5226"},"workflowEntityId":{},"workflowDisplayName":{"value":"GetCompName V3"},"shared_powerbi":{"value":"801286e5-085c-4d50-b7af-efb698b790a8"}},"isOnPremiseConnection":false,"bypassConsent":false,"dataSets":{},"apiTier":"Standard","isCustomApiConnection":false,"actions":["Run"],"nestedActions":[{"id":"/providers/Microsoft.PowerApps/apis/shared_powerbi/apiOperations/ExecuteDatasetQuery","flowConnectionRef":"shared_powerbi","apiName":"Power BI","actionName":"ExecuteDatasetQuery","referencedResources":[]}]},"da6fb5d9-8873-465d-a0f7-ab7051dc7e17":{"id":"c33f7e8e-ada8-42cf-b570-64dea38de419","displayName":"Logic flows","iconUri":"https://conn-afd-prod-endpoint-bmc9bqahasf3grgk.b01.azurefd.net/v1.0.1752/1.0.1752.4225/logicflows/icon.png","dataSources":["RefreshAcctClerkListV3"],"dependencies":[],"dependents":[],"parameterHints":{"workflowName":{"value":"55f000ea-95b1-4e44-8f14-6e62a0b87613"},"workflowEntityId":{},"workflowDisplayName":{"value":"RefreshAcctClerkList V3"}},"parameterHintsV2":{"workflowName":{"value":"55f000ea-95b1-4e44-8f14-6e62a0b87613"},"workflowEntityId":{},"workflowDisplayName":{"value":"RefreshAcctClerkList V3"}},"isOnPremiseConnection":false,"bypassConsent":false,"dataSets":{},"apiTier":"Standard","isCustomApiConnection":false,"actions":["Run"],"nestedActions":[{"id":"/providers/Microsoft.PowerApps/apis/shared_powerbi/apiOperations/ExecuteDatasetQuery","flowConnectionRef":"shared_powerbi","apiName":"Power BI","actionName":"ExecuteDatasetQuery","referencedResources":[]}]},"7986de1e-c4d2-4a45-b221-b01dd2225edc":{"id":"c33f7e8e-ada8-42cf-b570-64dea38de419","displayName":"Logic flows","iconUri":"https://conn-afd-prod-endpoint-bmc9bqahasf3grgk.b01.azurefd.net/v1.0.1752/1.0.1752.4225/logicflows/icon.png","dataSources":["GetCustNameV3_1-AcctClerk"],"dependencies":["801286e5-085c-4d50-b7af-efb698b790a8"],"dependents":[],"parameterHints":{"workflowName":{"value":"3163f901-ff89-4c6a-99a6-bad6b4731367"},"workflowEntityId":{},"workflowDisplayName":{"value":"GetCustName V3 - Acct Clerk"},"801286e5-085c-4d50-b7af-efb698b790a8":{"value":"shared_powerbi"}},"parameterHintsV2":{"workflowName":{"value":"3163f901-ff89-4c6a-99a6-bad6b4731367"},"workflowEntityId":{},"workflowDisplayName":{"value":"GetCustName V3 - Acct Clerk"},"shared_powerbi":{"value":"801286e5-085c-4d50-b7af-efb698b790a8"}},"isOnPremiseConnection":false,"bypassConsent":false,"dataSets":{},"apiTier":"Standard","isCustomApiConnection":false,"actions":["Run"],"nestedActions":[{"id":"/providers/Microsoft.PowerApps/apis/shared_powerbi/apiOperations/ExecuteDatasetQuery","flowConnectionRef":"shared_powerbi","apiName":"Power BI","actionName":"ExecuteDatasetQuery","referencedResources":[]}]},"f2e2dfe4-2a11-4146-ba99-a9f6903ba6bc":{"id":"c33f7e8e-ada8-42cf-b570-64dea38de419","displayName":"Logic flows","iconUri":"https://conn-afd-prod-endpoint-bmc9bqahasf3grgk.b01.azurefd.net/v1.0.1752/1.0.1752.4225/logicflows/icon.png","dataSources":["SendSOAbyCompanyCodeV3"],"dependencies":["801286e5-085c-4d50-b7af-efb698b790a8","d24e82d1-164f-433c-99aa-067404152cc2","28ccdb95-01ac-4b78-8b41-9394689a62f8","830a8314-eefb-4714-baa5-371b717025d5","3bcebb64-3ebe-4a25-821b-7af9bae1f036"],"dependents":[],"parameterHints":{"workflowName":{"value":"999721b1-9740-4b67-925b-0e9177d3aa1b"},"workflowEntityId":{},"workflowDisplayName":{"value":"Send SOA by Company Code V3"},"42105206-ed18-47fd-8a29-6a217b7fc565":{"value":"shared_powerbi"},"d24e82d1-164f-433c-99aa-067404152cc2":{"value":"shared_office365_1"},"28ccdb95-01ac-4b78-8b41-9394689a62f8":{"value":"shared_onedriveforbusiness"},"830a8314-eefb-4714-baa5-371b717025d5":{"value":"shared_excelonlinebusiness"},"3bcebb64-3ebe-4a25-821b-7af9bae1f036":{"value":"shared_office365users"},"801286e5-085c-4d50-b7af-efb698b790a8":{"value":"shared_powerbi"}},"parameterHintsV2":{"workflowName":{"value":"999721b1-9740-4b67-925b-0e9177d3aa1b"},"workflowEntityId":{},"workflowDisplayName":{"value":"Send SOA by Company Code V3"},"shared_powerbi":{"value":"801286e5-085c-4d50-b7af-efb698b790a8"},"shared_office365_1":{"value":"d24e82d1-164f-433c-99aa-067404152cc2"},"shared_onedriveforbusiness":{"value":"28ccdb95-01ac-4b78-8b41-9394689a62f8"},"shared_excelonlinebusiness":{"value":"830a8314-eefb-4714-baa5-371b717025d5"},"shared_office365users":{"value":"3bcebb64-3ebe-4a25-821b-7af9bae1f036"}},"isOnPremiseConnection":false,"bypassConsent":false,"dataSets":{},"apiTier":"Standard","isCustomApiConnection":false,"actions":["Run"],"nestedActions":[{"id":"/providers/Microsoft.PowerApps/apis/shared_powerbi/apiOperations/ExecuteDatasetQuery","flowConnectionRef":"shared_powerbi","apiName":"Power BI","actionName":"ExecuteDatasetQuery","referencedResources":[]},{"id":"/providers/Microsoft.PowerApps/apis/shared_office365/apiOperations/SendEmailV2","flowConnectionRef":"shared_office365_1","apiName":"Office 365 Outlook","actionName":"SendEmailV2","referencedResources":[]},{"id":"/providers/Microsoft.PowerApps/apis/shared_onedriveforbusiness/apiOperations/CreateFile","flowConnectionRef":"shared_onedriveforbusiness","apiName":"OneDrive for Business","actionName":"CreateFile","referencedResources":[]},{"id":"/providers/Microsoft.PowerApps/apis/shared_onedriveforbusiness/apiOperations/GetFileContent","flowConnectionRef":"shared_onedriveforbusiness","apiName":"OneDrive for Business","actionName":"GetFileContent","referencedResources":[{"key":"fileId","value":"@outputs('Create_file')?['body/Id']"}]},{"id":"/providers/Microsoft.PowerApps/apis/shared_excelonlinebusiness/apiOperations/CreateTable","flowConnectionRef":"shared_excelonlinebusiness","apiName":"Excel Online (Business)","actionName":"CreateTable","referencedResources":[{"key":"fileId","value":"@substring(outputs('Create_file')?['body/Id'],0,indexOf(outputs('Create_file')?['body/Id'],'.'))/@outputs('Create_file')?['body/Id']"}]},{"id":"/providers/Microsoft.PowerApps/apis/shared_office365users/apiOperations/HttpRequest","flowConnectionRef":"shared_office365users","apiName":"Office 365 Users","actionName":"HttpRequest","referencedResources":[]}]},"d24e82d1-164f-433c-99aa-067404152cc2":{"id":"69925793-49c3-439b-84f9-215438ae7898","displayName":"Office 365 Outlook","iconUri":"https://conn-afd-prod-endpoint-bmc9bqahasf3grgk.b01.azurefd.net/office365u_g_sqlPartialBuild/1.0.1759.4273/office365/icon.png","dataSources":[],"dependencies":[],"dependents":["f2e2dfe4-2a11-4146-ba99-a9f6903ba6bc","931b5074-e496-43ae-a4ab-cae45c6d3634"],"parameterHints":{},"parameterHintsV2":{},"isOnPremiseConnection":false,"bypassConsent":false,"dataSets":{},"apiTier":"Standard","isCustomApiConnection":false},"28ccdb95-01ac-4b78-8b41-9394689a62f8":{"id":"fee497fc-6f17-4f54-b1c5-676cf8d86359","displayName":"OneDrive for Business","iconUri":"https://conn-afd-prod-endpoint-bmc9bqahasf3grgk.b01.azurefd.net/v1.0.1751/1.0.1751.4207/onedriveforbusiness/icon.png","dataSources":[],"dependencies":[],"dependents":["f2e2dfe4-2a11-4146-ba99-a9f6903ba6bc","931b5074-e496-43ae-a4ab-cae45c6d3634"],"parameterHints":{},"parameterHintsV2":{},"isOnPremiseConnection":false,"bypassConsent":false,"dataSets":{},"apiTier":"Standard","isCustomApiConnection":false},"830a8314-eefb-4714-baa5-371b717025d5":{"id":"ef284645-2a80-4926-9f42-17f554a2ea08","displayName":"Excel Online (Business)","iconUri":"https://conn-afd-prod-endpoint-bmc9bqahasf3grgk.b01.azurefd.net/DiagnosticHeaderAllConnector/1.0.1757.4258/excelonlinebusiness/icon.png","dataSources":[],"dependencies":[],"dependents":["f2e2dfe4-2a11-4146-ba99-a9f6903ba6bc","931b5074-e496-43ae-a4ab-cae45c6d3634"],"parameterHints":{},"parameterHintsV2":{},"isOnPremiseConnection":false,"bypassConsent":false,"dataSets":{},"apiTier":"Standard","isCustomApiConnection":false},"3bcebb64-3ebe-4a25-821b-7af9bae1f036":{"id":"ae4da900-5683-42e2-b5e1-68582cbf0ac3","displayName":"Office 365 Users","iconUri":"https://conn-afd-prod-endpoint-bmc9bqahasf3grgk.b01.azurefd.net/v1.0.1751/1.0.1751.4213/office365users/icon.png","dataSources":[],"dependencies":[],"dependents":["f2e2dfe4-2a11-4146-ba99-a9f6903ba6bc","931b5074-e496-43ae-a4ab-cae45c6d3634"],"parameterHints":{},"parameterHintsV2":{},"isOnPremiseConnection":false,"bypassConsent":false,"dataSets":{},"apiTier":"Standard","isCustomApiConnection":false},"a0918cf7-834f-4198-8784-9f84e604e4cd":{"id":"c33f7e8e-ada8-42cf-b570-64dea38de419","displayName":"Logic flows","iconUri":"https://conn-afd-prod-endpoint-bmc9bqahasf3grgk.b01.azurefd.net/v1.0.1752/1.0.1752.4225/logicflows/icon.png","dataSources":["GetCustNameV3_1"],"dependencies":["801286e5-085c-4d50-b7af-efb698b790a8"],"dependents":[],"parameterHints":{"workflowName":{"value":"cc68b171-77f0-4211-90f2-473afedc1681"},"workflowEntityId":{},"workflowDisplayName":{"value":"GetCustName V3 - Company Code"},"801286e5-085c-4d50-b7af-efb698b790a8":{"value":"shared_powerbi"}},"parameterHintsV2":{"workflowName":{"value":"cc68b171-77f0-4211-90f2-473afedc1681"},"workflowEntityId":{},"workflowDisplayName":{"value":"GetCustName V3 - Company Code"},"shared_powerbi":{"value":"801286e5-085c-4d50-b7af-efb698b790a8"}},"isOnPremiseConnection":false,"bypassConsent":false,"dataSets":{},"apiTier":"Standard","isCustomApiConnection":false,"actions":["Run"],"nestedActions":[{"id":"/providers/Microsoft.PowerApps/apis/shared_powerbi/apiOperations/ExecuteDatasetQuery","flowConnectionRef":"shared_powerbi","apiName":"Power BI","actionName":"ExecuteDatasetQuery","referencedResources":[]}]},"931b5074-e496-43ae-a4ab-cae45c6d3634":{"id":"c33f7e8e-ada8-42cf-b570-64dea38de419","displayName":"Logic flows","iconUri":"https://conn-afd-prod-endpoint-bmc9bqahasf3grgk.b01.azurefd.net/v1.0.1752/1.0.1752.4225/logicflows/icon.png","dataSources":["SendSOAbyAcctClerkV3"],"dependencies":["801286e5-085c-4d50-b7af-efb698b790a8","d24e82d1-164f-433c-99aa-067404152cc2","28ccdb95-01ac-4b78-8b41-9394689a62f8","830a8314-eefb-4714-baa5-371b717025d5","3bcebb64-3ebe-4a25-821b-7af9bae1f036"],"dependents":[],"parameterHints":{"workflowName":{"value":"6de6e65f-7eab-47f6-b6b7-07864a09667b"},"workflowEntityId":{},"workflowDisplayName":{"value":"Send SOA by Acct Clerk V3"},"801286e5-085c-4d50-b7af-efb698b790a8":{"value":"shared_powerbi"},"d24e82d1-164f-433c-99aa-067404152cc2":{"value":"shared_office365_1"},"28ccdb95-01ac-4b78-8b41-9394689a62f8":{"value":"shared_onedriveforbusiness"},"830a8314-eefb-4714-baa5-371b717025d5":{"value":"shared_excelonlinebusiness"},"3bcebb64-3ebe-4a25-821b-7af9bae1f036":{"value":"shared_office365users"}},"parameterHintsV2":{"workflowName":{"value":"6de6e65f-7eab-47f6-b6b7-07864a09667b"},"workflowEntityId":{},"workflowDisplayName":{"value":"Send SOA by Acct Clerk V3"},"shared_powerbi":{"value":"801286e5-085c-4d50-b7af-efb698b790a8"},"shared_office365_1":{"value":"d24e82d1-164f-433c-99aa-067404152cc2"},"shared_onedriveforbusiness":{"value":"28ccdb95-01ac-4b78-8b41-9394689a62f8"},"shared_excelonlinebusiness":{"value":"830a8314-eefb-4714-baa5-371b717025d5"},"shared_office365users":{"value":"3bcebb64-3ebe-4a25-821b-7af9bae1f036"}},"isOnPremiseConnection":false,"bypassConsent":false,"dataSets":{},"apiTier":"Standard","isCustomApiConnection":false,"actions":["Run"],"nestedActions":[{"id":"/providers/Microsoft.PowerApps/apis/shared_powerbi/apiOperations/ExecuteDatasetQuery","flowConnectionRef":"shared_powerbi","apiName":"Power BI","actionName":"ExecuteDatasetQuery","referencedResources":[]},{"id":"/providers/Microsoft.PowerApps/apis/shared_office365/apiOperations/SendEmailV2","flowConnectionRef":"shared_office365_1","apiName":"Office 365 Outlook","actionName":"SendEmailV2","referencedResources":[]},{"id":"/providers/Microsoft.PowerApps/apis/shared_onedriveforbusiness/apiOperations/CreateFile","flowConnectionRef":"shared_onedriveforbusiness","apiName":"OneDrive for Business","actionName":"CreateFile","referencedResources":[]},{"id":"/providers/Microsoft.PowerApps/apis/shared_onedriveforbusiness/apiOperations/GetFileContent","flowConnectionRef":"shared_onedriveforbusiness","apiName":"OneDrive for Business","actionName":"GetFileContent","referencedResources":[{"key":"fileId","value":"@outputs('Create_file')?['body/Id']"}]},{"id":"/providers/Microsoft.PowerApps/apis/shared_excelonlinebusiness/apiOperations/CreateTable","flowConnectionRef":"shared_excelonlinebusiness","apiName":"Excel Online (Business)","actionName":"CreateTable","referencedResources":[{"key":"fileId","value":"@substring(outputs('Create_file')?['body/Id'],0,indexOf(outputs('Create_file')?['body/Id'],'.'))/@outputs('Create_file')?['body/Id']"}]},{"id":"/providers/Microsoft.PowerApps/apis/shared_office365users/apiOperations/HttpRequest","flowConnectionRef":"shared_office365users","apiName":"Office 365 Users","actionName":"HttpRequest","referencedResources":[]}]}},"databaseReferences":{},"almMode":"Environment","performanceOptimizationEnabled":true,"canConsumeAppPass":true,"enableModernRuntimeMode":false,"executionRestrictions":{"isTeamsOnly":false,"dataLossPreventionEvaluationResult":{"status":"Compliant","lastEvaluationDate":"2025-07-28T10:26:22.5261467Z","violations":[],"violationsByPolicy":[],"violationErrorMessage":"The app uses the following connectors: shared_logicflows, shared_powerbi, shared_office365, shared_onedriveforbusiness, shared_excelonlinebusiness, shared_office365users."},"httpActionRestriction":{"appUsesSharepointHttpAction":false,"enforcementStrategy":"Legacy","evaluationTime":"2025-07-28T10:26:22.5259287Z"}}},"isAppComponentLibrary":false,"appType":"ClassicCanvasApp","appComponents":[]}}