{"name":"1257c2f3-985e-4bec-90cb-fdac006830b3","id":"/providers/Microsoft.Flow/flows/1257c2f3-985e-4bec-90cb-fdac006830b3","type":"Microsoft.Flow/flows","properties":{"apiId":"/providers/Microsoft.PowerApps/apis/shared_logicflows","displayName":"Show SOA Details V1","definition":{"metadata":{"workflowEntityId":null,"processAdvisorMetadata":null,"flowChargedByPaygo":null,"flowclientsuspensionreason":"None","flowclientsuspensiontime":null,"flowclientsuspensionreasondetails":null,"creator":{"id":"a5d7af63-b7c3-4b3e-b44a-930e0af96261","type":"User","tenantId":"31472f81-8fe4-49ec-8bc3-fa1c295640d7"},"provisioningMethod":"FromDefinition","failureAlertSubscription":true,"clientLastModifiedTime":"2025-04-10T05:51:24.1486732Z","connectionKeySavedTimeKey":"2025-07-10T17:19:01.9352435Z","creationSource":null,"modifiedSources":"Portal"},"$schema":"https://schema.management.azure.com/providers/Microsoft.Logic/schemas/2016-06-01/workflowdefinition.json#","contentVersion":"undefined","parameters":{"$authentication":{"defaultValue":{},"type":"SecureObject"},"$connections":{"defaultValue":{},"type":"Object"}},"triggers":{"manual":{"metadata":{"operationMetadataId":"2aaf28b0-fa23-49d7-87b9-7ba63c8f69f8"},"type":"Request","kind":"PowerAppV2","inputs":{"schema":{"type":"object","properties":{"text":{"title":"Company_Code","type":"string","x-ms-dynamically-added":true,"description":"Please enter your input","x-ms-content-hint":"TEXT"},"text_1":{"description":"Please enter your input","title":"Cust_ID","type":"string","x-ms-content-hint":"TEXT","x-ms-dynamically-added":true},"text_2":{"description":"Please enter your input","title":"Acct_Clerks","type":"string","x-ms-content-hint":"TEXT","x-ms-dynamically-added":true}},"required":["text","text_1","text_2"]}}}},"actions":{"Run_a_query_against_a_dataset":{"runAfter":{},"metadata":{"operationMetadataId":"72bd7f45-3608-4912-a046-f34e0720ffca"},"type":"OpenApiConnection","inputs":{"parameters":{"groupid":"f5738cf8-7dc0-4ec2-ab16-8b2ee44f5a1a","datasetid":"d442b35b-74b2-4d3e-adb1-16f663130d11","specification/query":"// DAX Query\nDEFINE\n\n\tVAR __DS0FilterTable3 = \n\t\tFILTER(\n\t\t\tKEEPFILTERS(VALUES('AR_DATA'[Customer_Email])),\n\t\t\tNOT('AR_DATA'[Customer_Email] IN {BLANK()})\n\t\t)\nVAR __DS0FilterTable2 = \n\t\tTREATAS({\"@{triggerBody()?['text']}\"}, 'AR_DATA'[COMPANY_NAME])\n\nVAR __DS0FilterTable4 = \n\t\tTREATAS({\"@{triggerBody()?['text_1']}\"}, 'AR_DATA'[CUST_ID])\n\nVAR __DS0FilterTable5 = \n\t\tTREATAS({\"@{triggerBody()?['text_2']}\"}, 'AR_DATA'[Accounting Clerk])\n\n\n\tVAR __DS0Core = \n\t\tSUMMARIZECOLUMNS(\n\t\t\t'AR_DATA'[CUST_ID],\n                        'AR_DATA'[COMPANY_NAME],\n\t\t\t'AR_DATA'[CUST_NAME],\n\t\t\t'AR_DATA'[Accounting Clerk],\n\t\t\t'AR_DATA'[FCT_AR_INV_DT],\n\t\t\t'AR_DATA'[IA_INVOICE_ID],\n\t\t\t'AR_DATA'[DueDate],\n\t\t\t'AR_DATA'[Local Curr],\n\t\t\t'AR_DATA'[Doc Curr],\n\t\t\t'AR_DATA'[BusinessSegment],\n\t\t\t'AR_DATA'[Payment Term Code],\n\t\t\t'AR_DATA'[Payment Term Description],\n\t\t\t'AR_DATA'[Customer_Email],\n\t\t\t'AR_DATA'[COMPANY_ID],\n\t\t\t'AR_DATA'[FCT_AR_PO_ID],\n\t\t\t'AR_DATA'[FCT_AR_DOC_TYPE_CODE],\n\t\t\t'AR_DATA'[Sales Order ID],\n\t\t\t__DS0FilterTable3,\n                        __DS0FilterTable2,\n__DS0FilterTable4 ,\n__DS0FilterTable5,\n       \t\t\t\"SumAmt_in_Doc_Curr\", CALCULATE(SUM('AR_DATA'[Amt in Doc Curr])),\n\t\t\t\"SumAmt_in_Local_Curr\", CALCULATE(SUM('AR_DATA'[Amt in Local Curr])),\n\t\t\t\"Sumv1_7\", CALCULATE(SUM('AR_DATA'[1-7])),\n\t\t\t\"Sumv1_30\", CALCULATE(SUM('AR_DATA'[1-30])),\n\t\t\t\"Sumv31_60\", CALCULATE(SUM('AR_DATA'[31-60])),\n\t\t\t\"Sumv61_90\", CALCULATE(SUM('AR_DATA'[61-90])),\n\t\t\t\"SumTotalAR\", CALCULATE(SUM('AR_DATA'[TotalAR]))\n\t\t)\n\n\tVAR __DS0BodyLimited = \n\t\tTOPN(\n\t\t\t900000000000000000,\n\t\t\t__DS0Core,\n\t\t\t'AR_DATA'[FCT_AR_INV_DT],\n\t\t\t1,\n\t\t\t'AR_DATA'[CUST_ID],\n\t\t\t1,\n\t\t\t'AR_DATA'[CUST_NAME],\n\t\t\t1,\n                        'AR_DATA'[COMPANY_NAME],\n\t\t\t1,\n\t\t\t'AR_DATA'[Accounting Clerk],\n\t\t\t1,\n\t\t\t'AR_DATA'[IA_INVOICE_ID],\n\t\t\t1,\n\t\t\t'AR_DATA'[DueDate],\n\t\t\t1,\n\t\t\t'AR_DATA'[Local Curr],\n\t\t\t1,\n\t\t\t'AR_DATA'[Doc Curr],\n\t\t\t1,\n\t\t\t'AR_DATA'[BusinessSegment],\n\t\t\t1,\n\t\t\t'AR_DATA'[Payment Term Code],\n\t\t\t1,\n\t\t\t'AR_DATA'[Payment Term Description],\n\t\t\t1,\n\t\t\t'AR_DATA'[Customer_Email],\n\t\t\t1,\n\t\t\t'AR_DATA'[COMPANY_ID],\n\t\t\t1,\n\t\t\t'AR_DATA'[FCT_AR_PO_ID],\n\t\t\t1,\n\t\t\t'AR_DATA'[FCT_AR_DOC_TYPE_CODE],\n\t\t\t1,\n\t\t\t'AR_DATA'[Sales Order ID],\n\t\t\t1\n\t\t)\n\nEVALUATE\n\t__DS0BodyLimited\n\nORDER BY\n\t'AR_DATA'[FCT_AR_INV_DT],\n\t'AR_DATA'[CUST_ID],\n\t'AR_DATA'[CUST_NAME],\n        'AR_DATA'[COMPANY_NAME],\n\t'AR_DATA'[Accounting Clerk],\n\t'AR_DATA'[IA_INVOICE_ID],\n\t'AR_DATA'[DueDate],\n\t'AR_DATA'[Local Curr],\n\t'AR_DATA'[Doc Curr],\n\t'AR_DATA'[BusinessSegment],\n\t'AR_DATA'[Payment Term Code],\n\t'AR_DATA'[Payment Term Description],\n\t'AR_DATA'[Customer_Email],\n\t'AR_DATA'[COMPANY_ID],\n\t'AR_DATA'[FCT_AR_PO_ID],\n\t'AR_DATA'[FCT_AR_DOC_TYPE_CODE],\n\t'AR_DATA'[Sales Order ID]","specification/serializerSettings/includeNulls":true},"host":{"apiId":"/providers/Microsoft.PowerApps/apis/shared_powerbi","connectionName":"shared_powerbi","operationId":"ExecuteDatasetQuery"},"authentication":{"value":"@json(decodeBase64(triggerOutputs().headers['X-MS-APIM-Tokens']))['$ConnectionKey']","type":"Raw"}}},"Select":{"runAfter":{"Run_a_query_against_a_dataset":["Succeeded"]},"metadata":{"operationMetadataId":"035ab6c2-37cf-49c3-9a97-001a84f9d297"},"type":"Select","inputs":{"from":"@outputs('Run_a_query_against_a_dataset')?['body/firstTableRows']","select":{"CUST_ID":"@item()['AR_DATA[CUST_ID]']","CUST_NAME":"@item()['AR_DATA[CUST_NAME]']","COMPANY_NAME":"@item()['AR_DATA[COMPANY_NAME]']","INVOICE_ID":"@item()['AR_DATA[IA_INVOICE_ID]']","TOTAL_AR_AMOUNT":"@item()['[SumTotalAR]']","DOC_CURR":"@item()['AR_DATA[Doc Curr]']","INVOICE_DT":"@item()['AR_DATA[FCT_AR_INV_DT]']","DUE_DATE":"@item()['AR_DATA[DueDate]']","SO_ID":"@item()['AR_DATA[Sales Order ID]']","PO_ID":"@item()['AR_DATA[Sales Order ID]']","DOC_TYPE":"@item()['AR_DATA[FCT_AR_DOC_TYPE_CODE]']","EMAIL":"@item()['AR_DATA[Customer_Email]']","ACCT_CLERK":"@item()['AR_DATA[Accounting Clerk]']","PAY_TERMS":"@item()['AR_DATA[Payment Term Code]']"}}},"Respond_to_a_Power_App_or_flow":{"runAfter":{"Compose_1":["Succeeded"]},"type":"Response","kind":"PowerApp","inputs":{"schema":{"type":"object","properties":{"output":{"title":"Output","type":"string","x-ms-content-hint":"TEXT","x-ms-dynamically-added":true}},"additionalProperties":{}},"statusCode":200,"body":{"output":"@{outputs('Compose_1')}"}}},"Compose":{"runAfter":{"Select":["Succeeded"]},"type":"Compose","inputs":"@union(body('Select'),body('Select'))"},"Initialize_Array_Variable_for_sorting":{"runAfter":{"Compose":["Succeeded"]},"type":"InitializeVariable","inputs":{"variables":[{"name":"Detail List","type":"array","value":"@outputs('Compose')"}]}},"Sort_details_by_Invoice_ID":{"runAfter":{"Initialize_Array_Variable_for_sorting":["Succeeded"]},"type":"Compose","inputs":"@sort(variables('Detail List'),'INVOICE_ID')"},"Compose_1":{"runAfter":{"Sort_details_by_Invoice_ID":["Succeeded"]},"type":"Compose","inputs":"@outputs('Sort_details_by_Invoice_ID')"}},"description":""},"connectionReferences":{"shared_powerbi":{"connectionName":"shared-powerbi-aa381279-45d2-4e72-bdf8-9a77a859efe6","source":"Invoker","id":"/providers/Microsoft.PowerApps/apis/shared_powerbi","tier":"NotSpecified","apiName":"powerbi","isProcessSimpleApiReferenceConversionAlreadyDone":false}},"flowFailureAlertSubscribed":false,"isManaged":false}}