{"name":"4ce70eda-20f8-4282-bca3-15093c0d0221","id":"/providers/Microsoft.Flow/flows/4ce70eda-20f8-4282-bca3-15093c0d0221","type":"Microsoft.Flow/flows","properties":{"apiId":"/providers/Microsoft.PowerApps/apis/shared_logicflows","displayName":"Send SOA by Company Code V3","definition":{"metadata":{"workflowEntityId":null,"processAdvisorMetadata":null,"flowChargedByPaygo":null,"flowclientsuspensionreason":"None","flowclientsuspensiontime":null,"flowclientsuspensionreasondetails":null,"creator":{"id":"a5d7af63-b7c3-4b3e-b44a-930e0af96261","type":"User","tenantId":"31472f81-8fe4-49ec-8bc3-fa1c295640d7"},"provisioningMethod":"FromDefinition","failureAlertSubscription":true,"clientLastModifiedTime":"2025-07-28T10:02:54.6186912Z","connectionKeySavedTimeKey":"2025-07-28T10:02:54.6186912Z","creationSource":null,"modifiedSources":"Portal"},"$schema":"https://schema.management.azure.com/providers/Microsoft.Logic/schemas/2016-06-01/workflowdefinition.json#","contentVersion":"undefined","parameters":{"$authentication":{"defaultValue":{},"type":"SecureObject"},"$connections":{"defaultValue":{},"type":"Object"}},"triggers":{"manual":{"metadata":{"operationMetadataId":"2aaf28b0-fa23-49d7-87b9-7ba63c8f69f8"},"type":"Request","kind":"PowerAppV2","inputs":{"schema":{"type":"object","properties":{"text":{"title":"Company_Code","type":"string","x-ms-dynamically-added":true,"description":"Please enter your input","x-ms-content-hint":"TEXT"},"text_1":{"description":"Please enter your input","title":"Cust_Name","type":"string","x-ms-content-hint":"TEXT","x-ms-dynamically-added":true},"text_2":{"description":"Please enter your input","title":"Acct_Clerks","type":"string","x-ms-content-hint":"TEXT","x-ms-dynamically-added":true}},"required":["text","text_1","text_2"]}}}},"actions":{"Run_a_query_against_a_dataset":{"runAfter":{"Compose_the_String_with_Customer_Names_single":["Succeeded"],"Compose_the_String_with_Acct_Clerk_with_Quotes":["Succeeded"]},"metadata":{"operationMetadataId":"72bd7f45-3608-4912-a046-f34e0720ffca"},"type":"OpenApiConnection","inputs":{"parameters":{"groupid":"myworkspace","datasetid":"0414a924-ead3-4150-bb5b-a59764e0d947","specification/query":"// DAX Query\nDEFINE\n\n\tVAR __DS0FilterTable3 = \n\t\tFILTER(\n\t\t\tKEEPFILTERS(VALUES('Data'[ATTENDEE EMAIL])),\n\t\t\tNOT('Data'[ATTENDEE EMAIL] IN {BLANK()})\n\t\t)\nVAR __DS0FilterTable2 = \n\t\tTREATAS({\"@{triggerBody()?['text']}\"}, 'Data'[LOCATION_NAME])\n\nVAR __DS0FilterTable4 = \n\t\tTREATAS({\"@{outputs('Compose_the_String_with_Customer_Names_single')}\"}, 'Data'[ATTENDEE NAME])\n\nVAR __DS0FilterTable5 = \n\t\tTREATAS({\"@{outputs('Compose_the_String_with_Acct_Clerk_with_Quotes')}\"}, 'Data'[ORGANIZER])\n\n\n\tVAR __DS0Core = \n\t\tSUMMARIZECOLUMNS(\n\t\t\t'Data'[ATTENDEE ID],\n            'Data'[LOCATION_NAME],\n\t\t\t'Data'[ATTENDEE NAME],\n\t\t\t'Data'[ORGANIZER],\n\t\t\t'Data'[EVENT NAME],\n\t\t\t'Data'[EVENT_DATE],\n\t\t\t'Data'[PAYMENT STATUS],\n\t\t\t'Data'[ATTENDEE EMAIL],\n\t\t\t'Data'[LOCATION_ID],\n\t\t\t'Data'[TICKET NUM],\n\t\t\t__DS0FilterTable3,\n                        __DS0FilterTable2,\n__DS0FilterTable4 ,\n__DS0FilterTable5,\n       \t\t\t\"SumEventFee\", CALCULATE(SUM('Data'[EVENT FEE]))\n\t\t)\n\n\tVAR __DS0BodyLimited = \n\t\tTOPN(\n\t\t\t900000000000000000,\n\t\t\t__DS0Core,\n\t\t\t'Data'[ATTENDEE ID],1,\n\t\t\t'Data'[ATTENDEE NAME],1,\n            'Data'[LOCATION_NAME],1,\n\t\t\t'Data'[ORGANIZER],1,\n\t\t\t'Data'[EVENT_DATE],1,\n\t\t\t'Data'[EVENT NAME],1,\n\t\t\t'Data'[PAYMENT STATUS],1,\n\t\t\t'Data'[ATTENDEE EMAIL],1,\n\t\t\t'Data'[LOCATION_ID],1,\n\t\t\t'Data'[TICKET NUM],1\n\t\t)\n\nEVALUATE\n\t__DS0BodyLimited\n\nORDER BY\n'Data'[ATTENDEE ID],\n            'Data'[LOCATION_NAME],\n\t\t\t'Data'[ATTENDEE NAME],\n\t\t\t'Data'[ORGANIZER],\n\t\t\t'Data'[EVENT NAME],\n\t\t\t'Data'[EVENT_DATE],\n\t\t\t'Data'[PAYMENT STATUS],\n\t\t\t'Data'[ATTENDEE EMAIL],\n\t\t\t'Data'[LOCATION_ID],\n\t\t\t'Data'[TICKET NUM]","specification/serializerSettings/includeNulls":true},"host":{"apiId":"/providers/Microsoft.PowerApps/apis/shared_powerbi","connectionName":"shared_powerbi","operationId":"ExecuteDatasetQuery"},"authentication":{"value":"@json(decodeBase64(triggerOutputs().headers['X-MS-APIM-Tokens']))['$ConnectionKey']","type":"Raw"}}},"Get_Distinct_Cust_ID":{"runAfter":{"Select_5":["Succeeded"]},"metadata":{"operationMetadataId":"a26f17bc-565a-4b78-9b4f-fb9393bafd70"},"type":"Compose","inputs":"@union(body('Select'),body('Select'))"},"Cust_ID_Loop":{"foreach":"@outputs('Get_Distinct_Cust_ID')","actions":{"Cust_ID":{"metadata":{"operationMetadataId":"70826a89-969a-46f2-b775-3d82f7f7b311"},"type":"Compose","inputs":"@items('Cust_ID_Loop')"},"Filter_Cust_Name":{"runAfter":{"Cust_ID":["Succeeded"]},"metadata":{"operationMetadataId":"e0dbabbf-cde1-43d8-8fc3-299a38a699a1"},"type":"Query","inputs":{"from":"@body('Filter_Acct_Clerk')","where":"@equals(item()['Data[ATTENDEE ID]'],outputs('Cust_ID'))"}},"Select_3":{"runAfter":{"Filter_Cust_Name":["Succeeded"]},"metadata":{"operationMetadataId":"9347bb36-b627-4c6a-ba8e-2a5f2043bae3"},"type":"Select","inputs":{"from":"@body('Filter_Cust_Name')","select":{"Cust_Name":"@item()['Data[ATTENDEE NAME]']"}}},"Get_distinct_Cust_Name":{"runAfter":{"Select_3":["Succeeded"]},"metadata":{"operationMetadataId":"3b0d4861-b999-4c5b-bc4c-94c0c9ee76f7"},"type":"Compose","inputs":"@union(body('Select_3'),body('Select_3'))\r\n"},"Cust_Name_Loop":{"foreach":"@outputs('Get_distinct_Cust_Name')","actions":{"Cust_Name":{"metadata":{"operationMetadataId":"426c99e5-fed9-47c3-9a73-1fbc59b24f25"},"type":"Compose","inputs":"@items('Cust_Name_Loop')"},"Select_4":{"runAfter":{"Cust_Name":["Succeeded"]},"metadata":{"operationMetadataId":"b6baf330-56df-43db-b8d8-1128d2eeaf95"},"type":"Select","inputs":{"from":"@body('Filter_Cust_Name')","select":{"Acct_Clerk":"@item()['Data[ORGANIZER]']"}}},"Get_Distinct_Acct_Clerk":{"runAfter":{"Select_4":["Succeeded"]},"metadata":{"operationMetadataId":"d0a69dbb-2462-49e3-b853-a82c48993c63"},"type":"Compose","inputs":"@union(body('Select_4'),body('Select_4'))\r\n"},"Accounting_Clerk_Loop":{"foreach":"@outputs('Get_Distinct_Acct_Clerk')","actions":{"Acct_Clerk":{"metadata":{"operationMetadataId":"5b1b082e-cf4b-4646-9940-dbb6fa3beed0"},"type":"Compose","inputs":"@items('Accounting_Clerk_Loop')"},"Select_6":{"runAfter":{"Filter_Clerk":["Succeeded"]},"metadata":{"operationMetadataId":"27ddaf74-1306-4745-a82d-67e0b082bd81"},"type":"Select","inputs":{"from":"@body('Filter_Acct_Clerk')","select":{"Company":"@item()['Data[LOCATION_NAME]']"}}},"Get_Distinct_Company":{"runAfter":{"Select_6":["Succeeded"]},"metadata":{"operationMetadataId":"d5543783-0474-4823-93c3-6c12ca10f2b3"},"type":"Compose","inputs":"@union(body('Select_6'),body('Select_6'))"},"Apply_to_each":{"foreach":"@outputs('Get_Distinct_Company')","actions":{"Company":{"metadata":{"operationMetadataId":"1d81737e-5c3f-4925-a046-aa171d3fcbd5"},"type":"Compose","inputs":"@items('Apply_to_each')"},"Select_2":{"runAfter":{"Filter_Company":["Succeeded"]},"metadata":{"operationMetadataId":"9852c57b-47b5-4ee8-a0ab-420872422337"},"type":"Select","inputs":{"from":"@body('Filter_Company')","select":{"Email":"@item()['Data[ATTENDEE EMAIL]']"}}},"Get_Distinct_Email_ID":{"runAfter":{"Select_2":["Succeeded"]},"metadata":{"operationMetadataId":"33df375d-4859-456b-8d86-dc27f0b1d2e1"},"type":"Compose","inputs":"@union(body('Select_2'),body('Select_2'))\r\n"},"Email_Addr_Loop":{"foreach":"@outputs('Get_Distinct_Email_ID')","actions":{"Email":{"metadata":{"operationMetadataId":"abd58ba2-38d7-4888-9f13-c07276c1e6e3"},"type":"Compose","inputs":"@items('Email_Addr_Loop')"},"Send_SOA":{"runAfter":{"Get_file_content":["Succeeded"]},"metadata":{"operationMetadataId":"7eb32576-0e4a-421e-98bd-4e8db32ce9d8"},"type":"OpenApiConnection","inputs":{"parameters":{"emailMessage/To":"Garry.Fernandes@commscope.com","emailMessage/Subject":"@concat('RSVP Reminder! ',string(outputs('Company').COMPANY),' - ',STRING(outputs('Cust_Name').CUST_NAME),' - ',STRING(outputs('Cust_ID')))\r\n\r\n\r\n","emailMessage/Body":"<p class=\"editor-paragraph\">Dear Attendee,<br><br>We hope this email finds you well. This is a kind reminder to confirm your attendance for the upcoming event: , scheduled to be held a.<br><br>As a valued participant, your response helps us better plan the session and ensure a seamless experience for all attendees. If you have already responded, please disregard this message.<br><br>Should you have any questions or require further information, feel free to contact our Event Coordinator: .<br><br>Thank you for your time and cooperation. We look forward to your participation.<br><br>Best regards,<br>Events Team<br><br>📅 Discover more learning opportunities and events: https://www.example.com/events</p>","emailMessage/From":"garry.fernandes@commscope.com","emailMessage/Attachments":[{"Name":"@{concat('Event-',string(outputs('Cust_ID')),'-',string(formatDateTime(utcNow(), 'MM-dd-yyyy HH:mm:ss')))}.xlsx","ContentBytes":"@body('Get_file_content')"}],"emailMessage/Importance":"Normal"},"host":{"apiId":"/providers/Microsoft.PowerApps/apis/shared_office365","connectionName":"shared_office365_1","operationId":"SendEmailV2"},"authentication":{"value":"@json(decodeBase64(triggerOutputs().headers['X-MS-APIM-Tokens']))['$ConnectionKey']","type":"Raw"}}},"Filter_Email_":{"runAfter":{"Email":["Succeeded"]},"metadata":{"operationMetadataId":"e231ee0d-764f-4b31-85a6-97c6dac83846"},"type":"Query","inputs":{"from":"@body('Filter_Company')","where":"@equals(item()['Data[ATTENDEE EMAIL]'],outputs('Email')['EMAIL'])"}},"Create_file":{"runAfter":{"Filter_Email_":["Succeeded"]},"metadata":{"operationMetadataId":"9dc0bbc2-ab22-4e50-b248-cca2661204ba"},"type":"OpenApiConnection","inputs":{"parameters":{"folderPath":"/SOA/","name":"Event_Template_@{formatDateTime(utcNow())}.xlsx","body":" "},"host":{"apiId":"/providers/Microsoft.PowerApps/apis/shared_onedriveforbusiness","connectionName":"shared_onedriveforbusiness","operationId":"CreateFile"},"authentication":{"value":"@json(decodeBase64(triggerOutputs().headers['X-MS-APIM-Tokens']))['$ConnectionKey']","type":"Raw"}},"description":"This step is created to create an Excel File in One Drive.","runtimeConfiguration":{"contentTransfer":{"transferMode":"Chunked"}}},"Create_table":{"runAfter":{"Delay_1":["Succeeded"]},"metadata":{"operationMetadataId":"6416f8b0-f31d-4c81-a5df-1e47416b7c90","tableId":null},"type":"OpenApiConnection","inputs":{"parameters":{"source":"me","drive":"@substring(outputs('Create_file')?['body/Id'],0,indexOf(outputs('Create_file')?['body/Id'],'.'))","file":"@outputs('Create_file')?['body/Id']","table/Range":"$A1:$K1","table/TableName":"DETAILS","table/ColumnsNames":"ATTENDEE ID, ATTENDEE NAME, ATTENDEE EMAIL, EVENT NAME, EVENT DATE, EVENT FEE, LOCATION ID, LOCATION NAME, ORGANIZER, TICKET #, PAYMENT STATUS"},"host":{"apiId":"/providers/Microsoft.PowerApps/apis/shared_excelonlinebusiness","connectionName":"shared_excelonlinebusiness","operationId":"CreateTable"},"authentication":{"value":"@json(decodeBase64(triggerOutputs().headers['X-MS-APIM-Tokens']))['$ConnectionKey']","type":"Raw"}},"description":"This steps creates a table in the .xlsx file created in the previous step"},"Select_1":{"runAfter":{"Create_table":["Succeeded"]},"metadata":{"operationMetadataId":"1204b2e3-fc3a-4a79-917e-1c08a6b5a0ef"},"type":"Select","inputs":{"from":"@body('Filter_Email_')","select":["@item()['Data[ATTENDEE ID]']","@item()['Data[ATTENDEE NAME]']","@item()['Data[ATTENDEE EMAIL]']","@item()['Data[EVENT NAME]']","@formatDateTime(item()['Data[EVENT_DATE]'],'yyyy-MM-dd')","@item()['[SumEventFee]']","@item()['Data[LOCATION_ID]']","@item()['Data[LOCATION_NAME]']","@item()['Data[ORGANIZER]']","@item()['Data[TICKET NUM]']","@item()['Data[PAYMENT STATUS]']"]},"description":"This step is to create an array of the actual data to be loaded in bulk into the .xlsx file on the One Drive."},"Send_an_HTTP_request":{"runAfter":{"Select_1":["Succeeded"]},"metadata":{"operationMetadataId":"3fa82545-8973-40a5-9772-8c0e7ec641d8"},"type":"OpenApiConnection","inputs":{"parameters":{"Uri":"https://graph.microsoft.com/v1.0/me/drive/items/@{split(actions('Create_table')?['inputs']?['parameters']?['file'],'.')?[1]}/workbook/tables/DETAILS/rows","Method":"POST","Body":"{\n\"values\":@{body('Select_1')}\n}","ContentType":"application/json"},"host":{"apiId":"/providers/Microsoft.PowerApps/apis/shared_office365users","connectionName":"shared_office365users","operationId":"HttpRequest"},"authentication":{"value":"@json(decodeBase64(triggerOutputs().headers['X-MS-APIM-Tokens']))['$ConnectionKey']","type":"Raw"}},"description":"This is the Graph API which connectes the power automate to loads data from the array in the previous step, into the file on the one drive."},"Delay":{"runAfter":{"Send_an_HTTP_request":["Succeeded"]},"metadata":{"operationMetadataId":"9176da52-221d-435d-92ae-767ead7d5b32"},"type":"Wait","inputs":{"interval":{"count":30,"unit":"Second"}},"description":"Delay of 30 secs is added so that the file in One Drive is ready to be fetched from the One Drive and attached as a document in the next step."},"Get_file_content":{"runAfter":{"Delay":["Succeeded"]},"metadata":{"operationMetadataId":"e86405c6-263e-45bf-bc20-70bd7d42074b"},"type":"OpenApiConnection","inputs":{"parameters":{"id":"@outputs('Create_file')?['body/Id']","inferContentType":true},"host":{"apiId":"/providers/Microsoft.PowerApps/apis/shared_onedriveforbusiness","connectionName":"shared_onedriveforbusiness","operationId":"GetFileContent"},"authentication":{"value":"@json(decodeBase64(triggerOutputs().headers['X-MS-APIM-Tokens']))['$ConnectionKey']","type":"Raw"}},"description":"This step is to get the file from the One Drive, to be added as attachment in the next step"},"Delay_1":{"runAfter":{"Create_file":["Succeeded"]},"metadata":{"operationMetadataId":"8dbb681d-633b-4924-8b63-561655d1d51d"},"type":"Wait","inputs":{"interval":{"count":10,"unit":"Second"}}}},"runAfter":{"Get_Distinct_Email_ID":["Succeeded"]},"metadata":{"operationMetadataId":"41d75333-6990-4589-beed-ca155f016562"},"type":"Foreach"},"Filter_Company":{"runAfter":{"Company":["Succeeded"]},"metadata":{"operationMetadataId":"dfea9971-5557-4de3-bc23-f9239e877f3e"},"type":"Query","inputs":{"from":"@body('Filter_Clerk')","where":"@equals(item()['Data[LOCATION_NAME]'],outputs('Company').COMPANY)"}}},"runAfter":{"Get_Distinct_Company":["Succeeded"]},"metadata":{"operationMetadataId":"bd3cf264-2b59-4611-9560-1dcc1b958401"},"type":"Foreach"},"Filter_Clerk":{"runAfter":{"Acct_Clerk":["Succeeded"]},"metadata":{"operationMetadataId":"f0dd78d5-f594-4086-b060-03a2ab0d3d7f"},"type":"Query","inputs":{"from":"@body('Filter_Cust_Name')","where":"@equals(item()['Data[ORGANIZER]'],outputs('Acct_Clerk').ACCT_CLERK)"}}},"runAfter":{"Get_Distinct_Acct_Clerk":["Succeeded"]},"metadata":{"operationMetadataId":"d3732e59-2efd-45ce-a833-4c52f61cfaec"},"type":"Foreach"}},"runAfter":{"Get_distinct_Cust_Name":["Succeeded"]},"metadata":{"operationMetadataId":"c4061335-d8cd-42d0-a113-39db0c69d732"},"type":"Foreach"}},"runAfter":{"Get_Distinct_Cust_ID":["Succeeded"]},"metadata":{"operationMetadataId":"60824100-1305-4119-abe7-ce49fa1beaed"},"type":"Foreach"},"Select":{"runAfter":{"Filter_Acct_Clerk":["Succeeded"]},"metadata":{"operationMetadataId":"035ab6c2-37cf-49c3-9a97-001a84f9d297"},"type":"Select","inputs":{"from":"@body('Filter_Acct_Clerk')","select":"@item()['Data[ATTENDEE ID]']"}},"Filter_Acct_Clerk":{"runAfter":{"Run_a_query_against_a_dataset":["Succeeded"]},"metadata":{"operationMetadataId":"ca11d9a3-cfae-4805-8fbf-3d21d0e934c6"},"type":"Query","inputs":{"from":"@outputs('Run_a_query_against_a_dataset')?['body/firstTableRows']","where":"@equals(triggerBody()['text'],item()['Data[LOCATION_NAME]'])"}},"Select_5":{"runAfter":{"Select":["Succeeded"]},"metadata":{"operationMetadataId":"daaf65ce-56ec-44bb-aa9b-4451faf8bc5a"},"type":"Select","inputs":{"from":"@body('Filter_Acct_Clerk')","select":{"Cust_ID":"@item()['Data[ATTENDEE ID]']","Cust_Name":"@item()['Data[ATTENDEE NAME]']","Email":"@item()['Data[ATTENDEE EMAIL]']","Acct_Clerk":"@item()['Data[ORGANIZER]']","Company":"@item()['Data[LOCATION_NAME]']"}}},"Parse_JSON_Customer_Names":{"runAfter":{},"metadata":{"operationMetadataId":"8b5c61d0-94ee-4d1f-a1b2-eba7b31ed942"},"type":"ParseJson","inputs":{"content":"@triggerBody()?['text_1']","schema":{"type":"array","items":{"type":"object","properties":{"Customer_Name":{"type":"string"}},"required":["Customer_Name"]}}},"description":"Garry: Parses the JSON object which is passed from Power Apps into an array."},"Compose_the_String_with_Customer_Names":{"runAfter":{"Apply_to_each_Customer_Names_from_Parse_JSON":["Succeeded"]},"metadata":{"operationMetadataId":"eaa9a641-6728-4727-9ef5-5b4bcbf865a7"},"type":"Compose","inputs":"@union(variables('Cust_Name'),variables('Cust_Name'))","description":"This step converts the JSON Object into an array"},"Initialize_variable_Customer_Name":{"runAfter":{"Parse_JSON_Customer_Names":["Succeeded"]},"metadata":{"operationMetadataId":"b27e2b8e-ae6f-41ce-811a-83cdc4d758e7"},"type":"InitializeVariable","inputs":{"variables":[{"name":"Cust_Name","type":"array"}]},"description":"Garry: This variable of type Array will hold the converted JSON Objects (ie: Customer Names)"},"Apply_to_each_Customer_Names_from_Parse_JSON":{"foreach":"@body('Parse_JSON_Customer_Names')","actions":{"Append_to_array_variable":{"metadata":{"operationMetadataId":"b50de5aa-c2c6-4481-8d56-91e0192e5b1a"},"type":"AppendToArrayVariable","inputs":{"name":"Cust_Name","value":"@item()['Customer_Name']"},"description":"Garry: Each customer name is stored in the array one by one"}},"runAfter":{"Initialize_variable_Customer_Name":["Succeeded"]},"metadata":{"operationMetadataId":"1ec9a168-28a0-4b4b-941a-77dd4824e856"},"type":"Foreach"},"Compose_the_String_with_Customer_Names_single":{"runAfter":{"Compose_the_String_with_Customer_Names":["Succeeded"]},"metadata":{"operationMetadataId":"e1493bef-ae4d-4e2f-87ad-b1d7b33c8b64"},"type":"Compose","inputs":"@join(outputs('Compose_the_String_with_Customer_Names'),'\", \"')","description":"This step adds the Quotes to each Customer Name. Eg: \"ANIXTER\", \"COMCAST\""},"Parse_JSON_Accounting_Clerks":{"runAfter":{},"type":"ParseJson","inputs":{"content":"@triggerBody()?['text_2']","schema":{"type":"array","items":{"type":"object","properties":{"Accounting_Clerk":{"type":"string"}},"required":["Accounting_Clerk"]}}},"description":"Garry: Parses the JSON object which is passed from Power Apps into an array"},"Initialize_variable_Acct_Clerk":{"runAfter":{"Parse_JSON_Accounting_Clerks":["Succeeded"]},"type":"InitializeVariable","inputs":{"variables":[{"name":"Acct_Clerks","type":"array"}]},"description":"Garry: This variable of type Array will hold the converted JSON Objects (ie: Accounting Clerks)"},"Apply_to_each_Accounting_Clerks_from_Parse_JSON":{"foreach":"@body('Parse_JSON_Accounting_Clerks')","actions":{"Append_to_array_variable_1":{"type":"AppendToArrayVariable","inputs":{"name":"Acct_Clerks","value":"@item()['Accounting_Clerk']"},"description":"Garry: Each Accounting CLerk is stored in the array one by one"}},"runAfter":{"Initialize_variable_Acct_Clerk":["Succeeded"]},"type":"Foreach"},"Compose_the_String_with_Acct_Clerk":{"runAfter":{"Apply_to_each_Accounting_Clerks_from_Parse_JSON":["Succeeded"]},"type":"Compose","inputs":"@union(variables('Acct_Clerks'),variables('Acct_Clerks'))","description":"Garry: This step converts the JSON Object into an array"},"Compose_the_String_with_Acct_Clerk_with_Quotes":{"runAfter":{"Compose_the_String_with_Acct_Clerk":["Succeeded"]},"type":"Compose","inputs":"@join(outputs('Compose_the_String_with_Acct_Clerk'),'\", \"')","description":"Garry: This step adds the Quotes to each Accounting Clerk. Eg: \"ANIXTER\", \"COMCAST\""}},"description":"This flow queries the \"AR by Business Segment\" dataset for the selected company, accounting clerk, and customer IDs to fetch all necessary customer information for the SOA. The information is then sent as an .xlsx file to each customer from SharedServices_CC@commscope.com.\n\nThis version of the flow doesn't wait for the response from the Power Automate flow to Power Apps."},"connectionReferences":{"shared_powerbi":{"connectionName":"shared-powerbi-aa381279-45d2-4e72-bdf8-9a77a859efe6","source":"Invoker","id":"/providers/Microsoft.PowerApps/apis/shared_powerbi","tier":"NotSpecified","apiName":"powerbi","isProcessSimpleApiReferenceConversionAlreadyDone":false},"shared_office365_1":{"connectionName":"shared-office365-9056502c-f082-4689-9a3f-f4bf61c1c4aa","source":"Invoker","id":"/providers/Microsoft.PowerApps/apis/shared_office365","tier":"NotSpecified","apiName":"office365","isProcessSimpleApiReferenceConversionAlreadyDone":false},"shared_onedriveforbusiness":{"connectionName":"shared-onedriveforbu-68c3eb49-835b-481e-9910-b31118e8c68c","source":"Invoker","id":"/providers/Microsoft.PowerApps/apis/shared_onedriveforbusiness","tier":"NotSpecified","apiName":"onedriveforbusiness","isProcessSimpleApiReferenceConversionAlreadyDone":false},"shared_excelonlinebusiness":{"connectionName":"shared-excelonlinebu-de20f260-7620-4966-b7d0-c6cc875b156e","source":"Invoker","id":"/providers/Microsoft.PowerApps/apis/shared_excelonlinebusiness","tier":"NotSpecified","apiName":"excelonlinebusiness","isProcessSimpleApiReferenceConversionAlreadyDone":false},"shared_office365users":{"connectionName":"933e56ed6ecf49b0b75a0cd12781875b","source":"Invoker","id":"/providers/Microsoft.PowerApps/apis/shared_office365users","tier":"NotSpecified","apiName":"office365users","isProcessSimpleApiReferenceConversionAlreadyDone":false}},"flowFailureAlertSubscribed":false,"isManaged":false}}