{"name":"e7932638-a7bd-40bd-8ec4-187dc407c30a","id":"/providers/Microsoft.Flow/flows/e7932638-a7bd-40bd-8ec4-187dc407c30a","type":"Microsoft.Flow/flows","properties":{"apiId":"/providers/Microsoft.PowerApps/apis/shared_logicflows","displayName":"GetCustName V3 - Acct Clerk","definition":{"metadata":{"workflowEntityId":null,"processAdvisorMetadata":null,"flowChargedByPaygo":null,"flowclientsuspensionreason":"None","flowclientsuspensiontime":null,"flowclientsuspensionreasondetails":null,"creator":{"id":"a5d7af63-b7c3-4b3e-b44a-930e0af96261","type":"User","tenantId":"31472f81-8fe4-49ec-8bc3-fa1c295640d7"},"provisioningMethod":"FromDefinition","failureAlertSubscription":true,"clientLastModifiedTime":"2025-05-16T11:13:31.4416219Z","connectionKeySavedTimeKey":"2025-05-16T11:13:31.4416219Z","creationSource":null,"modifiedSources":"Portal"},"$schema":"https://schema.management.azure.com/providers/Microsoft.Logic/schemas/2016-06-01/workflowdefinition.json#","contentVersion":"1.0.0.0","parameters":{"$authentication":{"defaultValue":{},"type":"SecureObject"},"$connections":{"defaultValue":{},"type":"Object"}},"triggers":{"manual":{"metadata":{"operationMetadataId":"ff08acf9-34ac-47fe-8222-f6bd22f76a7d"},"type":"Request","kind":"PowerAppV2","inputs":{"schema":{"type":"object","properties":{"text":{"title":"CompName","type":"string","x-ms-dynamically-added":true,"description":"Please enter your input","x-ms-content-hint":"TEXT"},"text_1":{"description":"Please enter your input","title":"AcctClerk","type":"string","x-ms-content-hint":"TEXT","x-ms-dynamically-added":true}},"required":["text","text_1"]}}}},"actions":{"Run_a_query_against_a_dataset":{"runAfter":{"Compose_the_String_with_Company_Code_single":["Succeeded"]},"type":"OpenApiConnection","inputs":{"parameters":{"groupid":"f5738cf8-7dc0-4ec2-ab16-8b2ee44f5a1a","datasetid":"d442b35b-74b2-4d3e-adb1-16f663130d11","specification/query":"DEFINE\nVAR FilterTable1 = \n    TREATAS({\"@{outputs('Compose_the_String_with_Company_Code_single')}\"}, 'AR_DATA'[COMPANY_NAME])\n\nVAR FilterTable2 = \n    TREATAS({\"@{triggerBody()?['text_1']}\"}, 'AR_DATA'[Accounting Clerk])\n\nVAR CoreTable = \n    SUMMARIZECOLUMNS(\n        'AR_DATA'[CUST_ID],\n        'AR_DATA'[COMPANY_NAME],\n        'AR_DATA'[CUST_NAME],\n        'AR_DATA'[Accounting Clerk],\n        'AR_DATA'[Customer_Email],\n        'AR_DATA'[COMPANY_ID],\n        FilterTable1,\n        FilterTable2\n    )\n\nVAR BodyLimited = \n    TOPN(\n        1000,  -- Adjusted to a more reasonable limit\n        CoreTable,\n        'AR_DATA'[CUST_ID], 1,\n        'AR_DATA'[CUST_NAME], 1,\n        'AR_DATA'[COMPANY_NAME], 1,\n        'AR_DATA'[Accounting Clerk], 1,\n        'AR_DATA'[Customer_Email], 1,\n        'AR_DATA'[COMPANY_ID], 1\n    )\n\nEVALUATE\n    BodyLimited","specification/serializerSettings/includeNulls":true},"host":{"apiId":"/providers/Microsoft.PowerApps/apis/shared_powerbi","connectionName":"shared_powerbi","operationId":"ExecuteDatasetQuery"},"authentication":{"value":"@json(decodeBase64(triggerOutputs().headers['X-MS-APIM-Tokens']))['$ConnectionKey']","type":"Raw"}},"description":"Run a query against a dataset in Power BI to include customer email"},"Select":{"runAfter":{"Run_a_query_against_a_dataset":["Succeeded"]},"type":"Select","inputs":{"from":"@outputs('Run_a_query_against_a_dataset')?['body/firstTableRows']","select":{"CUST_NAME":"@item()['AR_DATA[CUST_NAME]']","CUST_ID":"@item()['AR_DATA[CUST_ID]']","CUST_EMAIL_ADD":"@coalesce(item()?['AR_DATA[Customer_Email]'],'')","ACCOUNTING_CLERK":"@item()['AR_DATA[Accounting Clerk]']","COMPANY_NAME":"@item()['AR_DATA[COMPANY_NAME]']"}},"description":"Select customer details including email from the query results"},"Compose":{"runAfter":{"Select":["Succeeded"]},"type":"Compose","inputs":"@union(body('Select'),body('Select'))\r\n"},"Respond_to_a_Power_App_or_flow":{"runAfter":{"Compose_1":["Succeeded"]},"type":"Response","kind":"PowerApp","inputs":{"schema":{"type":"object","properties":{"customer_list_acct_clerk":{"title":"CUSTOMER_LIST_ACCT_CLERK","type":"string","x-ms-content-hint":"TEXT","x-ms-dynamically-added":true}},"additionalProperties":{}},"statusCode":200,"body":{"customer_list_acct_clerk":"@{outputs('Compose_1')}"}}},"Initialize_variable":{"runAfter":{"Compose":["Succeeded"]},"type":"InitializeVariable","inputs":{"variables":[{"name":"Cust List","type":"array","value":"@outputs('Compose')"}]}},"Compose_1":{"runAfter":{"Sort_by_Cust_Name":["Succeeded"]},"type":"Compose","inputs":"@outputs('Sort_by_Cust_Name')"},"Sort_by_Cust_Name":{"runAfter":{"Initialize_variable":["Succeeded"]},"type":"Compose","inputs":"@sort(variables('Cust List'),'CUST_NAME')"},"Parse_JSON_Company_Codes":{"runAfter":{},"type":"ParseJson","inputs":{"content":"@triggerBody()?['text']","schema":{"type":"array","items":{"type":"object","properties":{"Company_Name":{"type":"string"}},"required":["Company_Name"]}}}},"Initialize_variable_Comp_Name":{"runAfter":{"Parse_JSON_Company_Codes":["Succeeded"]},"type":"InitializeVariable","inputs":{"variables":[{"name":"Comp_Name","type":"array"}]}},"For_each":{"foreach":"@body('Parse_JSON_Company_Codes')","actions":{"Append_to_array_variable":{"type":"AppendToArrayVariable","inputs":{"name":"Comp_Name","value":"@item()['Company_Name']"}}},"runAfter":{"Initialize_variable_Comp_Name":["Succeeded"]},"type":"Foreach"},"Compose_the_String_with_Company_Codes":{"runAfter":{"For_each":["Succeeded"]},"type":"Compose","inputs":"@union(variables('Comp_Name'),variables('Comp_Name'))"},"Compose_the_String_with_Company_Code_single":{"runAfter":{"Compose_the_String_with_Company_Codes":["Succeeded"]},"type":"Compose","inputs":"@join(outputs('Compose_the_String_with_Company_Codes'),'\", \"')"}},"description":"This flow uses the chosen company name and accounting clerks to query the \"AR by Business Segment\" dataset, retrieving a list of customer names, IDs, and emails based on the selection."},"connectionReferences":{"shared_powerbi":{"connectionName":"shared-powerbi-aa440f65-eb5b-4a34-a43b-90f02d89e00a","source":"Invoker","id":"/providers/Microsoft.PowerApps/apis/shared_powerbi","tier":"NotSpecified","apiName":"powerbi","isProcessSimpleApiReferenceConversionAlreadyDone":false}},"flowFailureAlertSubscribed":false,"isManaged":false}}