{"name":"911cc4ea-42b0-400d-a816-025d55f3f979","id":"/providers/Microsoft.Flow/flows/911cc4ea-42b0-400d-a816-025d55f3f979","type":"Microsoft.Flow/flows","properties":{"apiId":"/providers/Microsoft.PowerApps/apis/shared_logicflows","displayName":"GetCompName V3","definition":{"metadata":{"workflowEntityId":null,"processAdvisorMetadata":null,"flowChargedByPaygo":null,"flowclientsuspensionreason":"None","flowclientsuspensiontime":null,"flowclientsuspensionreasondetails":null,"creator":{"id":"a5d7af63-b7c3-4b3e-b44a-930e0af96261","type":"User","tenantId":"31472f81-8fe4-49ec-8bc3-fa1c295640d7"},"provisioningMethod":"FromDefinition","failureAlertSubscription":true,"clientLastModifiedTime":"2025-05-13T10:43:52.0319914Z","connectionKeySavedTimeKey":"2025-05-13T10:43:52.0319914Z","creationSource":null,"modifiedSources":"Portal"},"$schema":"https://schema.management.azure.com/providers/Microsoft.Logic/schemas/2016-06-01/workflowdefinition.json#","contentVersion":"1.0.0.0","parameters":{"$authentication":{"defaultValue":{},"type":"SecureObject"},"$connections":{"defaultValue":{},"type":"Object"}},"triggers":{"manual":{"metadata":{"operationMetadataId":"ff08acf9-34ac-47fe-8222-f6bd22f76a7d"},"type":"Request","kind":"PowerAppV2","inputs":{"schema":{"type":"object","properties":{"text":{"title":"AcctClerkName","type":"string","x-ms-dynamically-added":true,"description":"Please enter your input","x-ms-content-hint":"TEXT"}},"required":["text"]}}}},"actions":{"Run_a_query_against_a_dataset":{"runAfter":{},"type":"OpenApiConnection","inputs":{"parameters":{"groupid":"f5738cf8-7dc0-4ec2-ab16-8b2ee44f5a1a","datasetid":"d442b35b-74b2-4d3e-adb1-16f663130d11","specification/query":"EVALUATE\nFILTER(\n    SUMMARIZE(\n        'AR_DATA',\n        'AR_DATA'[Accounting Clerk],\n        'AR_DATA'[COMPANY_NAME]\n    ),\n    'AR_DATA'[Accounting Clerk] IN { \"@{triggerBody()?['text']}\" }\n)","specification/serializerSettings/includeNulls":true},"host":{"apiId":"/providers/Microsoft.PowerApps/apis/shared_powerbi","connectionName":"shared_powerbi","operationId":"ExecuteDatasetQuery"},"authentication":{"value":"@json(decodeBase64(triggerOutputs().headers['X-MS-APIM-Tokens']))['$ConnectionKey']","type":"Raw"}},"description":"Run a query against a dataset in Power BI to include customer email"},"Select":{"runAfter":{"Run_a_query_against_a_dataset":["Succeeded"]},"type":"Select","inputs":{"from":"@outputs('Run_a_query_against_a_dataset')?['body/firstTableRows']","select":{"COMPANY_NAME":"@item()['AR_DATA[COMPANY_NAME]']"}},"description":"Select customer details including email from the query results"},"Compose":{"runAfter":{"Select":["Succeeded"]},"type":"Compose","inputs":"@union(body('Select'),body('Select'))\r\n"},"Respond_to_a_Power_App_or_flow":{"runAfter":{"Compose_1":["Succeeded"]},"type":"Response","kind":"PowerApp","inputs":{"schema":{"type":"object","properties":{"company_name":{"title":"COMPANY_NAME","type":"string","x-ms-content-hint":"TEXT","x-ms-dynamically-added":true}},"additionalProperties":{}},"statusCode":200,"body":{"company_name":"@{outputs('Compose_1')}"}}},"Initialize_variable":{"runAfter":{"Compose":["Succeeded"]},"type":"InitializeVariable","inputs":{"variables":[{"name":"Company Name","type":"array","value":"@outputs('Compose')"}]}},"Compose_1":{"runAfter":{"Sort_by_Company_Name":["Succeeded"]},"type":"Compose","inputs":"@outputs('Sort_by_Company_Name')"},"Sort_by_Company_Name":{"runAfter":{"Initialize_variable":["Succeeded"]},"type":"Compose","inputs":"@sort(variables('Company Name'),'COMPANY_NAME')"}},"description":"The flows runs to get the accounting clerk list for the given company name"},"connectionReferences":{"shared_powerbi":{"connectionName":"shared-powerbi-aa440f65-eb5b-4a34-a43b-90f02d89e00a","source":"Invoker","id":"/providers/Microsoft.PowerApps/apis/shared_powerbi","tier":"NotSpecified","apiName":"powerbi","isProcessSimpleApiReferenceConversionAlreadyDone":false}},"flowFailureAlertSubscribed":false,"isManaged":false}}